title,brand,price,rating,reviews,url,ram_gb,storage_gb,cpu
"HP Chromebook G5 ee ‚Äì 11.6"" Laptop, 4GB RAM, 16GB SSD ‚Äì Lightweight laptop & Fast Chrome OS | Webcam | Playstore Supported | 2029 Updateable | ChromeBook",No Brand,9999.0,0.0,0.0,https:,4.0,4.0,other
Dell Chromebook 3380 | 32GB Storage | 4GB RAM | ‚ÄéIntel Celeron 1.60GHz | 13.3 Inch Display | Playstore Supported Laptop Chromebook Daraz Like New Laptops,Dell,13499.0,0.0,0.0,https:,4.0,32.0,other
Dell Laptop | Chromebook 3180 | 4GB RAM | 16GB Storage | Intel Celeron N3060 | Windows 10 | 11.6‚Ä≥ HD Display,No Brand,7289.1,0.0,0.0,https:,4.0,4.0,other
"Acer Predator Helios 18 AI PH18-73-99HE Gaming Laptop Intel Core Ultra 9 275HX, 96GB DDR5, 2TB SSD, NVIDIA RTX 5090 24GB Graphics, 18"" WQUXGA 4K IPS Mini LED 120Hz, Windows 11 Home, Black, 2 Year Acer Official Local Warranty",Acer,1399999.0,0.0,0.0,https:,0.0,2048.0,other
"Lenovo Chromebook 100e | 11.6‚Äù Display | Intel N3350 | 4GB RAM, 32GB Storage | Webcam | Playstore Supported | 2027 Updateable | Laptop 8hr Battery",No Brand,9999.0,0.0,0.0,https:,4.0,4.0,other
Hp Chromebook 11 G8 EE | ‚ÄéIntel HD Graphics 400 | 4GB Ram | 32GB Storage | 11.6 inch Display | Intel Celeron N4020 | 2029 updates | with free type c charger,No Brand,11362.0,5.0,0.0,https:,4.0,4.0,other
"LENOVO CHROMEBOOK 100E - 4GB RAM DDR4 - 32GB SSD EMMC - 11.6"" SCREEN - PLAYSTORE SUPPORTED - AUE UPDATE 2027",No Brand,8910.0,4.865079365079365,126.0,https:,4.0,4.0,other
"Acer Predator Helios 16 AI PH16-73-95Q8 Gaming Laptop Intel Core Ultra 9 275HX, 64GB DDR5, 2TB SSD, NVIDIA RTX 5090 24GB Graphics, 16"" WQXGA OLED 240Hz, Windows 11 Home, Black, 2 Year Acer Official Local Warranty",Acer,1249999.0,0.0,0.0,https:,0.0,2048.0,other
HP ELITE BOOK 840 8 GB RAM 256 GB SSD PREMIUM BUSINESS LAPTOP 3 HOURS BATTERY BACKUP AND 65 W FAST CHARGER,No Brand,25000.0,0.0,0.0,https:,8.0,8.0,other
"Lenovo Chromebook 100e ,300e touch screen,hp g8,hp g4/g5 chrome book | 11.6‚Äù Display | Intel N3350 | 4GB RAM, 32GB Storage | Webcam | Play Store Support | 8hr Battery",No Brand,9999.0,1.0,1.0,https:,4.0,4.0,other
Microsoft surface pro 6 i5 8th generation 8gb 256gb 4 GB Intel HD Graphics 620  2 in 1 tablet laptop,No Brand,51999.0,5.0,4.0,https:,0.0,8.0,i5
"Lenovo Chromebook N23 Laptop windows 10| Celeron | 4GB RAM | 16GB SSD | 11.6"" Screen | Windows Converted",No Brand,7919.01,0.0,0.0,https:,4.0,4.0,other
"LENOVO CHROMEBOOK 100E | 4GB RAM DDR4 | 32GB SSD EMMC | 11.6"" SCREEN | PLAYSTORE SUPPORTED | AUE UPDATE 2027",No Brand,8910.0,4.760869565217392,92.0,https:,4.0,4.0,other
"Lenovo Chromebook N23 Laptop | Celeron | 4GB RAM | 16GB SSD | 11.6""",No Brand,7721.01,4.6,10.0,https:,4.0,4.0,other
Hp Chromebook 11 G8 EE | ‚ÄéIntel HD Graphics 400 | 4GB Ram | 32GB Storage | 11.6 inch Display | Intel Celeron N4020 | 2027 Updatable | Playstore Supported | Chromebook,HP,9000.0,0.0,0.0,https:,4.0,4.0,other
Dell Chromebook 11 Windows Converted | 3120 P22T | 4GB Ram | 16GB Storage | Playstore Supported | Chromebook,No Brand,7919.01,0.0,0.0,https:,4.0,4.0,other
Lenovo N23 Chromebook 4GB RAM 16GB SSD Storage 11.6‚Ä≥ Display 7 days warantty,No Brand,6830.01,3.0,3.0,https:,4.0,4.0,other
Acer ChromeBook R11 | Touch Screen | 16GB Storage | 4GB RAM | 360 Rotatable | 11.6‚Ä≥ HD Display | Playstore Supported | - Daraz Like New Laptops,Acer,10886.0,4.875,80.0,https:,4.0,16.0,other
"Acer Nitro Lite NL16-71G-55JR Gaming Laptop 13th Gen Core i5-13420H, 16GB DDR5, 512GB SSD, NVIDIA RTX 3050 6GB Graphics, 16"" WUXGA IPS 165Hz, Windows 11 Home, White, 1 Year Official Local Warranty",Acer,199999.0,0.0,0.0,https:,0.0,16.0,i5
HP 14 G7,HP,18000.0,0.0,0.0,https:,0.0,0.0,other
"Dell Chromebook 11 3180 Windows | 4GB RAM | 16GB SSD EMMC | 11.6"" SCREEN | Windows 10 Converted",No Brand,8020.22,4.65,20.0,https:,4.0,4.0,other
HP Chromebook 11 G8 | 32GB Storage | 4GB RAM | 11.6‚Ä≥ Display | Playstore Chromebook | 2029 Updated- Daraz Like New Laptops,HP,9449.0,5.0,5.0,https:,4.0,32.0,other
Surface Pro 5 - Core i7 7th Generation - 12.3Inches Touchscreen - 16GB LPDDR3 RAM - 512GB NVME SSD - Dual HD Cam - 2736 x 1824 Resolution,No Brand,65500.0,0.0,0.0,https:,0.0,16.0,i7
Microsoft Surface pro 5 Core  i5 7th Generation 8GB 256GB ssd 4gb Intel iris Graphics 2 in 1 tablet laptop,No Brand,42000.0,5.0,2.0,https:,0.0,8.0,i5
"HP CHROMEBOOK 14 G7 | 4GB RAM DDR4 | 64GB SSD EMMC | 14"" SCREEN | PLAYSTORE | Update 2031",No Brand,17324.01,0.0,0.0,https:,4.0,4.0,other
Surface Pro 5 - Core i5 7th Generation - 12.3Inches Touchscreen - 8GB LPDDR3 RAM - 256GB NVME SSD - Dual HD Cam - 2736 x 1824 Resolution,No Brand,46999.0,0.0,0.0,https:,0.0,8.0,i5
Microsoft Surface pro 7 plus Core i5 11th Generation 8GB Ram 256GB ssd 2 in 1 tablet laptop,No Brand,85000.0,5.0,1.0,https:,8.0,8.0,i5
"Hp Chromebook 11 G6 EE | 4GB RAM DDR4 | 16GB SSD EMMC | Playstore supported | 11.6"" screen - Daraz Like New Laptops",No Brand,8998.2,4.666666666666667,3.0,https:,4.0,4.0,other
"Hp Chromebook 11 G6 EE | 4GB RAM DDR4 | 16GB SSD EMMC | Playstore supported | 11.6"" screen - Daraz Like New Laptops",HP,8299.0,4.687022900763359,130.0,https:,4.0,4.0,other
"HP CHROMEBOOK 14 G5 | 4GB RAM DDR4 | 16GB SSD EMMC | 14"" SCREEN | PLAYSTORE | Update 2029",No Brand,11879.01,0.0,0.0,https:,4.0,4.0,other
Dell LAPTOP Chromebook 11 | 3120 P22T | 4GB Ram | 16GB Storage | Playstore Supported | Chromebook,,8075.0,1.0,1.0,https:,4.0,4.0,other
HP Elite C1030 Chromebook Laptop | 128GB SSD | 16GB RAM | Core i7 10th Gen | 13.3‚Ä≥ Touch Screen -  360 Convertible - Windows 10 Installed,No Brand,68900.0,0.0,0.0,https:,16.0,128.0,i7
Samsung Notebook 9 NP900X3T  | i7 8th Gen | 8GB RAM | 256GB SSD | 13.3‚Ä≥ FHD | Light Titan - 7 day checking warranty- Samsung laptop,No Brand,48509.01,1.0,2.0,https:,8.0,8.0,i7
"Dell 3180/3100 Chromebook 11.6 inches HD screen, 4GB Ram 16GB SSD, HDMI, WiFi, Webcam, Chrome OS / Windows 10",Dell,8150.0,4.571148184494603,1019.0,https:,4.0,4.0,other
Dell Chromebook P22T with Touch screen ‚Äì 4GB RAM | 16GB eMMC | 11.6‚Ä≥ HD Display | Chrome OS (No Play Store) | 7 Days Checking Warranty,No Brand,8299.0,0.0,0.0,https:,4.0,4.0,other
"HP EliteBook 840 G7 | Core i5-10310U 10th Generation | 16GB DDR4 RAM | Intel UHD Graphics | 256GB PCIe NVMe SSD | 14"" FHD IPS Display",No Brand,87500.0,0.0,0.0,https:,0.0,16.0,i5
Lenovo ThinkPad T450 Core-i5-5th Gen 8 GB RAM 256 GB SSD 14‚Ä≥ Display,Lenovo Thinkplus,29000.0,0.0,0.0,https:,8.0,8.0,i5
LAPTOP ACER TravelMate P614 Core i5 10th Gen 8GB RAM 256GB 14‚Ä≥ Windows 11 Pro (Daraz Like New Laptops),No Brand,70000.0,0.0,0.0,https:,8.0,8.0,i5
"HP OMEN 15 GAMING LAPTOP i5-8300H + NAVEDIA GTX1060, 6GB unique, 16 memory + 512G solid state hard disk + 1TB mechanical hard disk, 15.5 inch screen, battery health 100%.",No Brand,126000.0,0.0,0.0,https:,0.0,1024.0,i5
"Lenovo Chromebook 100ee 2nd Gen | 11.6‚Äù HD  | 4GB RAM, 32GB eMMC | X360 Convertible | Webcam | Playstore Supported | 2029 Updateable | Laptop",No Brand,9999.0,0.0,0.0,https:,4.0,4.0,other
Acer | C720P | 128GB Storage | 2GB RAM  | 11.6‚Ä≥ Screen | Windows 10 | 8 Hours Battery |Windows Chromebook,No Brand,9999.0,5.0,1.0,https:,2.0,128.0,other
Daraz Like New Laptops - Hp 14 Chromebook || 4 GB Ram - 16GB Rom || FREE LAPTOP BAG AND CHARGER,Daraz Like New,9999.0,4.0,6.0,https:,4.0,4.0,other
Apple 2017 Macbook Laptop Core i5 8GB RAM 128GB SSD 4K Display 4hrs Battery Timming,No Brand,39598.02,5.0,2.0,https:,8.0,8.0,i5
"Hp Chromebook 11 G6 Touchscreen | 4GB RAM DDR4 | 16GB SSD EMMC | Playstore supported | 11.6"" Touchscreen | Update 2027",No Brand,8811.0,4.333333333333333,6.0,https:,4.0,4.0,other
Microsoft surface pro 7 I5 10th Generation 8gb 256gb 4 GB Intel HD Graphics 620  2 in 1 tablet laptop with Original de attachable lighting keyboard,No Brand,63000.0,0.0,0.0,https:,0.0,8.0,i5
HP 15S-FD0110TU Core i7-1355U 16GB DDR4 512GB PCIe Value Intel Iris Xe 15.6 FHD Antiglare slim IPS 250 nits Narrow Border  Windows 11 Home Natural Silver   (1 Year Warranty),HP,236499.0,0.0,0.0,https:,0.0,16.0,i7
"HP G8 Chromebook ‚Äì 11.6"" HD Display, 4GB RAM, 32GB SSD ‚Äì Lightweight Laptop for School, Work & Daily Use | Webcam | Playstore Supported | 2029 Updateable | ChromeBook",No Brand,9999.0,5.0,1.0,https:,4.0,4.0,other
Acer | Chromebook Spin 511 R752T | 32GB Storage | 4GB RAM | Intel UHD Graphics 500 | Intel Celeron N4020 | 11.6‚Ä≥ Display | Windows 10 | ChromeBook - Daraz Like New Laptops,Acer,12949.0,4.6,10.0,https:,4.0,32.0,other
Apple Macbook Pro  2011 A1278 13.3 LED Display - Intel Core i5 Processor 4GB RAM - 128GB SSD -  Dual Operating Systems Windows¬Æ 10 & IOS (Activated),Daraz Like New,35999.0,4.214285714285714,14.0,https:,4.0,4.0,i5
Samsung NP900X3N i7 7th Gen | 8GB RAM | 256GB SSD | 13.3‚Ä≥  Display -7 days checking warranty -Samsunng laptop,No Brand,53999.0,0.0,0.0,https:,8.0,8.0,i7
Acer | C740 | 128GB Storage | 2GB RAM | Windows 10 / 11.6‚Ä≥ Display | Play Store Supported | Android Apps Supported,Acer,11949.0,4.608888888888889,225.0,https:,2.0,128.0,other
"Lenovo N23 CHROMEBOOK - Celeron processor - 4gb Ram - 16GB SSD - 11.6"" screen",No Brand,8118.0,4.657894736842105,38.0,https:,4.0,4.0,other
Daraz Like New - Lenovo Chromebook N21 | 4GB RAM | 16GB Storage | 11.6‚Ä≥ Display | Rotatable Webcam | 8 Hours Battery | FREE LAPTOP BAG,Lenovo,7999.0,5.0,7.0,https:,4.0,4.0,other
Lenovo | ChromeBook 300E (2nd Gen) | 4GB RAM | 32GB Storage | 11.6‚Ä≥ Display | | Touch Screen | 2029 Updateable | 360 Rotatable | Playstore Supported | ChromeBook,No Brand,14700.0,0.0,0.0,https:,4.0,4.0,other
"HP EliteBook 840 G6 Notebook PC Intel Core i7 8th Generation, 8GB DDR4 Ram, 256GB SSD Drive, 14.1"" Led Display, Intel FHD Graphics Card",No Brand,74999.0,0.0,0.0,https:,0.0,8.0,i7
HP Chromebook 11 G8 | 32GB Storage | 4GB RAM | 11.6‚Ä≥ Display | Playstore Supported Chromebook | Grey - Daraz Like New Laptops,HP,10999.0,4.744479495268139,317.0,https:,4.0,32.0,other
"USED - LAPTOPS - Dell 3180 Chromebook 11.6 inches HD screen, 4GB Ram 16GB SSD, HDMI, WiFi, Webcam, Chrome OS / Windows 10 - USED",Daraz Like New,7771.5,5.0,1.0,https:,4.0,4.0,other
"Dell Chromebook 11 3120 P22T Windows 10 | 4GB RAM | 16GB SSD | 11.6"" Screen Size | Windows Converted",No Brand,8019.0,0.0,0.0,https:,4.0,4.0,other
Hp Chromebook 11 G4 - celeron processor - 4GB RAM - 16GB SSD,No Brand,8000.0,4.333333333333333,21.0,https:,4.0,4.0,other
"Dell Chromebook 3100 2in1 TOUCHSCREEN | 4GB RAM | 32GB SSD EMMC | PLAYSTORE SUPPORTED | 11.6"" TOUCHSCREEN",No Brand,14999.0,0.0,0.0,https:,4.0,4.0,other
Lenovo 500e Chromebook Laptop | Intel Celeron processor | 4GB RAM | 32GB SSD,No Brand,13050.0,3.0,1.0,https:,4.0,4.0,other
"HP CHROMEBOOK 14 G6 | 4GB RAM DDR4 | 32GB SSD EMMC | 14"" SCREEN | PLAYSTORE | Update 2029",No Brand,14354.01,4.482758620689655,29.0,https:,4.0,4.0,other
Daraz Like New Laptops - Lenovo Chromebook 300E/500E X360 TOUCH SCREEN - 2027/2029 UPDATE -  Intel Celeron 4GB RAM 32GB Chrome OS,Lenovo,13299.0,4.480263157894737,152.0,https:,4.0,4.0,other
"Lenovo ThinkPad L380, Core i7 8th Gen, 16GB DDR4 RAM, 256GB NVMe SSD, 13.3‚Ä≥ FHD display, updated Windows 10 Pro ‚Äî powerful, reliable, ready to use, with power adapter included.",No Brand,65000.0,0.0,0.0,https:,0.0,16.0,i7
"Samsung Chromebook 4 Chrome OS 11.6"" - HD Intel Celeron Processor N4000 - 4GB DDR4 RAM - 32GB eMMC - Gigabit Wi-Fi - Intel HD Graphics 600 - XE310XBA-K01US - Play Store - All Metal Body",Daraz Like New,13859.01,5.0,1.0,https:,0.0,4.0,other
HP | Chromebook 11 G5 |,No Brand,7199.1,0.0,0.0,https:,0.0,0.0,other
Lenovo | ChromeBook 100E | 4GB RAM | 32GB Storage | 11.6‚Ä≥ Display | Webcam | Playstore Supported | 2027 Updateable | ChromeBook,No Brand,8599.0,5.0,7.0,https:,4.0,4.0,other
Lenovo N22 Chromebook ‚Äì 11.6‚Ä≥ ‚Äì 4 GB RAM ‚Äì 16 GB ROM ‚Äì With Play Store - PUBG Supported,No Brand,9500.0,5.0,3.0,https:,4.0,4.0,other
"Acer Predator Helios Neo 16S AI PHN16S-71-99SA Gaming Laptop Intel Core Ultra 9-275HX, 32GB DDR5, 1TB SSD, NVIDIA RTX 5070Ti 12GB Graphics, 16"" OLED WQXGA 240Hz, Windows 11 Home",Acer,699999.0,0.0,0.0,https:,0.0,1024.0,other
"HP ProBook 635 Aero G7 Ultra-Lightweight Business Laptop with Ryzen 5, 16GB RAM & Fingerprint Security",No Brand,80000.0,5.0,8.0,https:,16.0,16.0,ryzen5
Daraz Like New Laptops - Dell Latitude E5480 - Core i7 6th Generation - 8GB DDR4 RAM - 256GB SSD - 14inch Screen - FREE LAPTOP BAG (Windows 11 Activated),No Brand,49999.0,5.0,1.0,https:,0.0,8.0,i7
Lenovo Chromebook 300e/500e - X360 2-in-1 - (FREE STYLUS PEN GIFT) - Touch Laptop and Tab - 4GB Ram - 32GB Storage - Touch x 360¬∞ Rotatable - Type C Charger - Auto Update 2027/2029,Lenovo,14849.01,5.0,4.0,https:,4.0,4.0,other
"Acer Chromebook C730 Laptop ‚Äì 11.6"" HD | Quad-Core | Chrome OS Windows | Free AirPods Pro  Student Laptop | Fast Boot | Spill-Resistant | Long Battery | Lightweight & Durable",No Brand,8000.0,0.0,0.0,https:,0.0,0.0,other
Daraz Like New Laptops - Lenovo N22/N23 Chromebook ‚Äì 11.6‚Ä≥ ‚Äì 4 GB RAM ‚Äì 16 GB ROM ‚Äì With Play Store - PUBG Supported,Lenovo,7999.0,4.432098765432099,81.0,https:,4.0,4.0,other
"Dell 3180 Chromebook 11.6 inches HD screen, 4GB Ram 16GB SSD, HDMI, WiFi, Webcam, Chrome OS - (FREE LAPTOP BAG) - Daraz like new laptops",Daraz Like New,8499.0,5.0,1.0,https:,4.0,4.0,other
"Asus Chromebook C202s Windows | celeron processor | 4GB RAM | 32GB SSD EMMC | 11.6"" screen | windows 10 Converted",No Brand,9404.01,5.0,2.0,https:,4.0,4.0,other
HP COMPAQ DC5850 SMALL FORM FACTOR/320 GB HARD DISK/DUAL CORE AMD PROCESSOR/2 GB Ram,No Brand,7000.0,0.0,0.0,https:,2.0,320.0,other
HP 10th Generation 2-in-1 Laptop | 8 GB Ram | 256 GB SSD | Touch Screen x 360¬∞ Rotation | (FREE TOUCH PEN) | ProBook X360 G5 EE | N5030 Celeron 10th Gen | With Charger |,No Brand,32670.0,5.0,2.0,https:,8.0,8.0,other
"Dell Latitude 5410 | Core i5 10th Gen | 14"" FHD Display | 8GB DDR4 RAM | 256GB NVMe SSD | Intel UHD 4GB Graphics | Backlit Keyboard | Webcam | WiFi | Bluetooth | Face Detection | Battery with Good Backup | Windows Updated",No Brand,62000.0,0.0,0.0,https:,0.0,8.0,i5
"Samsung Chromebook 4 Chrome OS 11.6"" HD Intel Celeron Processor N4000 4GB DDR4 RAM 32GB eMMC Gigabit Wi-Fi - XE310XBA-K01US - Play Store - All Metal Body",Daraz Like New,14849.01,5.0,1.0,https:,32.0,4.0,other
"Dell Chromebook 3100, Dell Laptop, Chromebook for Students, Budget Laptop, Online Class Laptop, Durable Laptop, Chrome OS Laptop, 4GB RAM Laptop, Non-Touch Laptop, Student Chromebook, Laptop for Study",.No Brand.,8051.0,5.0,1.0,https:,4.0,4.0,other
HP Chromebook 11 G4 | 16GB Storage | 2GB RAM | 11.6‚Ä≥ Display | Factory Playstore | Black & Silver - Daraz Like New Laptops,HP,11879.01,4.7727272727272725,66.0,https:,2.0,16.0,other
"HP ORIGINAL | Chromebook 11 G4 | 8 to 10 Hours Battery Timing | 16GB SSD Storage | 4GB RAM | 11.6"" FULL HD Display | WINDOWS 10 INSTALLED | Dual Core | WITH FREE MOUSE",No Brand,7484.4,4.333333333333333,6.0,https:,4.0,16.0,other
"Hp Chromebook 11 G6 EE - 4GB RAM DDR4 - 16GB SSD EMMC - Playstore supported - 11.6"" screen",No Brand,8316.0,4.6,5.0,https:,4.0,4.0,other
Lenovo Chromebook 300E 2nd generation auto update 2027 With Touch  Intel Celeron 4GB RAM 32GB Chrome OS (FREE LAPTOP BAG),Lenovo,15345.0,4.793103448275862,29.0,https:,4.0,4.0,other
"HP Intel Core i7-8th Generation | 16GB Ram , 512GB M2 SSD Hard | 2K Display | 3Hours+ Battery Backup | Back-Lit Keyboard | Fingerprint Scanner | FREE LAPTOP BAG | Charger Included | One Month Warranty",No Brand,92500.0,4.909090909090909,11.0,https:,16.0,16.0,i7
Surface Pro 5 - Core i5 7th Generation - RAM 8GB - 256GB NVME - 12.3Inches Touchscreen - Dual Cam - Windows 10,No Brand,48015.0,5.0,1.0,https:,8.0,8.0,i5
Lenovo Thinkpad L490 / i7 8th gen/ 16gb ram/ 256gb SSD/ C type charger/ backlight keyboard,No Brand,59000.0,5.0,1.0,https:,16.0,16.0,i7
Daraz like new hp chromebook 11 g8 intel celeron n4020 04GB Ram 32GB Storage auto update 2029 with play store,HP,13860.0,5.0,2.0,https:,4.0,4.0,other
"HP Chromebook 11 G6 EE 11.6"" Chromebook Intel Celeron 1.10 GHz 4GB Ram 16GB SSD, HDMI, WiFi, Webcam, Play Store, Chrome OS - FREE LAPTOP BAG",Daraz Like New,8199.0,4.0,8.0,https:,4.0,4.0,other
Acer C720 - 4GB RAM / 16GB ROM -11.6 inch Display  Long Battery Life,No Brand,11500.0,4.428571428571429,7.0,https:,4.0,4.0,other
Acer 5th Generation Laptop 4GB Ram 128GB SSD Windows 10,No Brand,16795.0,4.605263157894737,76.0,https:,4.0,4.0,other
"LENOVO CHROMEBOOK 100E 3rd GEN| 4GB RAM DDR4 | 32GB SSD EMMC | 11.6"" SCREEN | PLAYSTORE | Update 2031",No Brand,11384.01,3.6666666666666665,3.0,https:,4.0,4.0,other
"Dell Chromebook 3380 (13.3"", Intel 1.60GHz, 4GB, 16GB, ChromeOS) with Charger",No Brand,9900.0,5.0,6.0,https:,0.0,4.0,other
"Dell Latitude E5470 - Core i5 - 6th Generation - 16gb RAM - 512gb SSD - 14"" Screen - Windows 10 Activated - Free Laptop Bag - Fattani Computer",Dell,55999.0,5.0,1.0,https:,16.0,16.0,i5
Daraz Like New Laptops - Daraz Like New Laptops - HP Chromebook 11 G5 | 16GB Storage | 4GB RAM | 11.6‚Ä≥ Display | Playstore Supported | Dual Core | Chrome Book - FREE LAPTOP BAG,Daraz Like New,7999.0,5.0,0.0,https:,4.0,16.0,other
HP Elite Book 830 G8 - i7 - 11th Generation - Like New Laptops -,No Brand,145000.0,0.0,0.0,https:,0.0,0.0,i7
"Hp Chromebook 11 G7 EE - 4GB RAM DDR4 - 16GB SSD EMMC - Playstore supported - 11.6"" screen",No Brand,8217.0,5.0,1.0,https:,4.0,4.0,other
"Acer Predator Helios 18 AI PH18-73-96CY Gaming Laptop Intel Core Ultra 9-275HX, 64GB DDR5, 1TB SSD, NVIDIA RTX 5080 16GB Graphics,18"" WQXGA IPS Mini LED 250Hz, Windows 11 Home",Acer,974999.0,0.0,0.0,https:,0.0,1024.0,other
"üíª Lenovo Laptop N23 Chromebook | 11.6"" HD | 4GB RAM | Chrome OS | Ideal for Students & Travel",.No Brand.,8000.0,5.0,1.0,https:,4.0,4.0,other
"Lenovo IdeaPad MIIX 520 2-In-1 Touchscreen Laptop - Core i5 8th Generation - Fingerprint Sensor - 12.2"" FHD Display - RAM 8GB DDR4 - 256GB NVME SSD - Windows 10 (Renewed)",No Brand,44055.0,5.0,6.0,https:,8.0,8.0,i5
"Samsung NP940X5N Laptop ‚Äì Intel Core i7 8th Gen, 16GB RAM, 256GB M.2 SSD, 15.6‚Ä≥ FHD Touchscreen Ultrabook",No Brand,76999.0,0.0,0.0,https:,16.0,16.0,i7
Dell Chromebook 3189 | Touch Screen | 32GB Storage | 4GB RAM | 360 Rotatable | 11.6‚Ä≥ HD Display | Playstore Supported | - Daraz Like New Laptops,Dell,12323.0,4.708333333333333,48.0,https:,4.0,32.0,other
ASUS ROG G73Jh Intel Core i7 1st-Gen 720 QM up to 2.80GHz - 04 GB DDR3 Ram - 500 GB HDD - ATI Mobility Radeon HD 5870 1GB GDDR5 - 17.3 inches 900p HD Display - Windows 8 - Gaming Notebook,Daraz Like New,40000.0,0.0,0.0,https:,0.0,4.0,i7
Daraz Like New Laptops - Lenovo N22/N23 Chromebook ‚Äì 11.6‚Ä≥ ‚Äì 4 GB RAM ‚Äì 16 GB ROM ‚Äì With Play Store - PUBG Supported,Lenovo,7999.0,4.444444444444445,9.0,https:,4.0,4.0,other
"Lenovo Core i5 3rd Generation - 8GB ram , 500GB Hard Drive",No Brand,30000.0,0.0,0.0,https:,8.0,8.0,i5
Microsoft Surface Pro 6 - Core i5 8th Generation - RAM 8GB - 256GB NVME - 12.3Inches Touchscreen - Windows 10,No Brand,55935.0,4.222222222222222,9.0,https:,8.0,8.0,i5
"Lenovo Chromebook 100e | 11.6‚Äù Display laptop| Intel N3350 | 4GB RAM, 32GB Storage | Webcam | Play Store Support | 8hr Battery | 2029 Updateable",No Brand,9999.0,0.0,0.0,https:,4.0,4.0,other
Dell 7280 - Core i5 7th Generation - 8GB RAM - 256GB SSD - 12.5inch Screen - FREE LAPTOP BAG (Windows 11 Licensed) - Daraz like new laptops,Daraz Like New,45999.0,4.290322580645161,31.0,https:,8.0,8.0,i5
"Apple MacBook Pro 2011 A1278 Display 13-inch Laptop (Intel i5 2.3 GHz, 8 GB RAM, 500GB HDD, Intel HD, macOS High Sierra - Silver - Daraz Like New Laptops",Apple,39999.0,4.333333333333333,30.0,https:,8.0,8.0,i5
"Daraz Like New Laptops - Hp Chromebook 11 G8 - 4GB Ram DDR4 - 32GB SSD - 11.6"" Screen Size - Chrome OS - FREE LAPTOP BAG AND CHARGER",Daraz Like New,9899.01,0.0,0.0,https:,4.0,4.0,other
"LENOVO CHROMEBOOK 100E 3rd GEN| 4GB RAM DDR4 | 64GB SSD EMMC | 11.6"" SCREEN | PLAYSTORE | Update 2030",No Brand,13364.01,5.0,1.0,https:,4.0,4.0,other
"Lenovo Chromebook 100e ‚Äì 11.6"" HD, 4GB RAM, 32GB Storage, Chrome OS | Best Student Laptop with Charger",No Brand,9900.0,0.0,0.0,https:,4.0,4.0,other
Lenovo N21 Chromebook ‚Äì 11.6‚Ä≥ ‚Äì 4 GB RAM ‚Äì 16 GB ROM - Long Battery Life,No Brand,11850.0,5.0,2.0,https:,4.0,4.0,other
DELL 3180 Chromebook Notebooks Laptops Best for Studying and Online Working and Office Work,No Brand,8900.0,0.0,0.0,https:,0.0,0.0,other
Acer C740 ChromeBook Laptop - 2gb / 16gb - With Play Store - Longer Battery Life,No Brand,9950.0,3.6666666666666665,3.0,https:,0.0,2.0,other
"Daraz Like New Laptops - HP ProBook 440G3 I3 6th Gen 8gb Ram 128gb ssd+500gb hdd 14"" Screen (Windows 11 Activated) & Free Laptop Bag",No Brand,42499.0,5.0,2.0,https:,8.0,8.0,i3
DELL CHROMEBOOK LAPTOP 3180 - 4GB/16GB - PLAYSTORE SUPPORTED,No Brand,8650.0,0.0,0.0,https:,0.0,4.0,other
"Acer Chromebook 11 C731 - 11.6"" Laptopüíª Intel N3060 4GB RAM 16GB SSD Battery Backup 6 Hours Plus Chrome OS

(Renewed)",No Brand,8999.0,5.0,2.0,https:,4.0,4.0,other
Lenovo  N23 Chromebook - 4gb/16gb - Play Store Supported,No Brand,11850.0,5.0,2.0,https:,0.0,4.0,other
Daraz Like New Laptops - Lenovo Chromebook 100E Intel Celeron 4GB RAM 16GB Chrome OS,Lenovo,8414.01,4.7073170731707314,41.0,https:,4.0,4.0,other
"MSI Cyborg 15 A13UDX ‚Äì Gaming Laptop (Core i7 13th Gen, RTX 3050 6GB) 15.6"" FHD IPS 144Hz Backlit KB",No Brand,289499.0,0.0,0.0,https:,0.0,6.0,i7
Samsung | Chromebook 500C | 16GB Storage | 4GB RAM | ‚Äé1.6 GHz Intel Celeron | Dual Core | 11.6 Inch Display | Playstore Supported | Chromebook - Daraz Like New Laptops,Daraz Like New,10394.01,4.576923076923077,52.0,https:,4.0,16.0,other
"Daraz Like New Laptops - Hp Chromebook 11 G6 EE | 4GB RAM DDR4 | 16GB SSD EMMC | Playstore supported | 11.6"" screen - FREE LAPTOP BAG",Daraz Like New,8499.0,0.0,0.0,https:,4.0,4.0,other
"Asus Chromebook C202s Windows | celeron processor | 4GB RAM | 16GB SSD EMMC | 11.6"" screen | windows 10 Converted",No Brand,7999.0,5.0,1.0,https:,4.0,4.0,other
"Acer Chromebook 11 N8 11.6"" HD Non-Touch Display, Intel Celeron Dual-Core N3350, 32GB eMMC, 4GB DDR4 RAM, TYPE-C Charging Traditional Laptop (C732-C8VEN), Play Store Supported",Acer,8999.1,5.0,4.0,https:,0.0,32.0,other
Dell Chromebook 11 3180 - 4GB RAM - 16GB SSD (FREE LAPTOP BAG) - Daraz like new laptops,Dell,8364.51,4.217391304347826,161.0,https:,4.0,4.0,other
Lenovo Laptop | ChromeBook N23 Yoga | 4GB RAM | 32GB Storage | 11.6‚Ä≥ Display | Laptop 360 Touch Screen | Playstore Supported | 8 Hours Battery | ChromeBook,No Brand,12000.0,0.0,0.0,https:,4.0,4.0,other
"Dell 3180 Chromebook 11.6 inches HD screen, 4GB Ram 16GB SSD, HDMI, WiFi, Webcam, Chrome OS / Windows 10 - used laptops",Daraz Like New,8450.0,0.0,0.0,https:,4.0,4.0,other
Dell Latitude E7290 Ci5 8th Gen 8GB 256GB SSD 12.5‚Ä≥ LED,No Brand,46000.0,0.0,0.0,https:,0.0,8.0,i5
Lenovo N21 Chromebook ‚Äì 11.6‚Ä≥ ‚Äì 4 GB RAM ‚Äì 16 GB ROM - Upto 5 Hour Battery,No Brand,8500.0,4.833333333333333,6.0,https:,4.0,4.0,other
DELL P22T ORIGINAL CHROMEBOOK | 11.6 INCHES FULL HD DISPLAY | 4 TO 6 HOURS BATTERY TIMING | WINDOWS 10 INSTALLED | 4GB RAM | 16GB SSD STORAGE | WITH FREE CHARGER,No Brand,11499.0,0.0,0.0,https:,4.0,4.0,other
Acer C740/C720 | 2GB RAM 128GB Storage Windows 10 | 11.6‚Ä≥ Display | Play Store Supported | Android Apps Supported - Daraz Like New Laptops,Acer,12999.0,5.0,2.0,https:,2.0,2.0,other
Lenovo Chromebook 300e - Touch Laptop and Tab - 4GB Ram - 32GB Storage - Touch x 360¬∞ Rotatable - Playstore Supported - Type C Charger,Lenovo,14999.0,5.0,2.0,https:,4.0,4.0,other
Daraz Like New Laptops - HP Chromebook 11 G5 | 16GB Storage | 4GB RAM | 11.6‚Ä≥ Display | Playstore Supported | Dual Core | Chrome Book,HP,9999.0,4.0,1.0,https:,4.0,16.0,other
Lenovo N22/N23 Chromebook ‚Äì 11.6‚Ä≥ ‚Äì 4 GB RAM ‚Äì 16 GB ROM ‚Äì With Play Store - PUBG Supported - Daraz like new laptops,Lenovo,9499.0,5.0,3.0,https:,4.0,4.0,other
Lenovo N23 Chromebook - 11.6‚Ä≥ ‚Äì 4 GB RAM ‚Äì 16 GB ROM ‚Äì With Play Store - PUBG Supported - Daraz Like New Laptops,Daraz Like New,14999.0,4.916666666666667,12.0,https:,4.0,4.0,other
Acer C730 Intel Celeron N2840 2.16GHz 4GB 16GB SSD 11.6 inch,No Brand,8000.0,0.0,0.0,https:,0.0,4.0,other
"HP G8 Chromebook ‚Äì Lightweight Laptop 11.6"" HD Display, 4GB RAM, 32GB SSD ‚ÄìWebcam | Playstore Supported | 2027 Updateable | ChromeBook  for School, Work & Daily Use",No Brand,9499.0,0.0,0.0,https:,4.0,4.0,other
Dell Chromebook 3189 | Touch Screen | 32GB Storage | 4GB RAM | 360 Rotatable | 11.6‚Ä≥ HD Display | Playstore Supported | - Daraz Like New Laptops - USED,Daraz Like New,12399.0,0.0,0.0,https:,4.0,32.0,other
Daraz Like New Laptops - Lenovo N22 Chromebook ‚Äì 11.6‚Ä≥ ‚Äì 4 GB RAM ‚Äì 16 GB ROM ‚Äì With Play Store - PUBG Supported -,Lenovo,8299.0,4.666666666666667,3.0,https:,4.0,4.0,other
"HP Stream 11 Pro - 11.6"" LED Display - Intel Celeron N2840 - 2 GB RAM - 32 GB eMMC - Win 8.1 or 10 - (Refurbished)",Daraz Like New,12999.0,4.622222222222222,45.0,https:,2.0,2.0,other
"Lenovo N23 Chromebook 11.6"" Intel Celeron N3060 2.40 GHz Processor 4GB RAM 16GB SSD Rotating Webcam Wi-Fi HDMI Bluetooth - FREE LAPTOP  BAG",Lenovo,9399.0,5.0,1.0,https:,4.0,4.0,other
"Dell 3180 Chromebook 11.6 inches HD screen, 4GB Ram 16GB SSD, HDMI, WiFi, Webcam, Chrome OS",Daraz Like New,8899.0,4.678571428571429,28.0,https:,4.0,4.0,other
Apple MacBook Pro A1278 - 8GB RAM 256GB SSD  - 2.5GHz Dual-Core Intel Core i5 - Mid 2012 13.3-inch LED Display - Dual Operating System MacOS Catalina 10.15 - Silver - Daraz Like New Laptops,Apple,48999.0,4.375,16.0,https:,8.0,8.0,i5
"V15 G3 Intel Core i5-1235U 8GB Soldered DDR4 512SSD Integrated Intel Iris Xe Graphics functions as UHD Graphics|15.6"" FHD (1920x1080) TN 250nits Anti-glare,|High Definition (HD) Audi|5.5 hr |Black|Dos",Lenovo,165999.0,5.0,1.0,https:,0.0,8.0,i5
Daraz Like New Laptops - HP | Chromebook 14 G5 | 32GB Storage | 4GB RAM | 14.1‚Ä≥ HD Display | Updated Version | Playstore Supported | With Type C fast charging Charger,Daraz Like New,19999.0,4.0,4.0,https:,4.0,32.0,other
Lenovo Chromebook 300e - Touch Laptop and Tab - 4GB Ram - 32GB Storage - Touch x 360¬∞ Rotatable - Playstore Supported - Type C Charger,Lenovo,15344.01,0.0,0.0,https:,4.0,4.0,other
"Dell Chromebook 3180 11.6 inches HD screen, 4GB Ram 16GB SSD, HDMI, WiFi, Webcam, Chrome OS - (FREE LAPTOP BAG) - Daraz like new laptops",Dell,8449.0,4.666666666666667,3.0,https:,4.0,4.0,other
"Like A New Lenovo ThinkPad T470 Core i5 7th Gen, 8GB, 256GB SSD, 14‚Ä≥ Screen IPS LED (Windows 11 Licensed) FREE LAPTOP BAG",No Brand,44999.0,5.0,2.0,https:,0.0,8.0,i5
"Acer Chromebook 11 C732-C6WU, 11.6"" HD Widescreen ComfyView LED-backlit Display, Intel Celeron Dual-Core N3350, 4GB LPDDR4, 32GB eMMC, Google Chrome, Play Store, Type C Charging",Acer,10999.0,5.0,1.0,https:,0.0,4.0,other
LAPTOP Lenovo Thinkpad X230 Core i5 3rd Gen 4GB RAM 250GB 12.5‚Ä≥ Windows 10 (Free Laptop Bag) - Daraz Like New Laptops,Lenovo,21099.0,4.434782608695652,23.0,https:,4.0,4.0,i5
Daraz Like New Laptops - Lenovo Chromebook 300E X360 Intel Celeron 4GB RAM 32GB Chrome OS,Lenovo,14999.0,5.0,1.0,https:,4.0,4.0,other
HP Chromebook 11 G4 | 16GB Storage | 4GB RAM | 11.6‚Ä≥ Display | Playstore Supported Chromebook | Black - Daraz Like New Laptops,HP,8999.0,4.658536585365853,41.0,https:,4.0,16.0,other
Hp 14 G5 Chromebook - 2027 Update - 14inch Screen - 4GB RAM - 16GB ROM  - Type C Supported,HP,9899.1,0.0,0.0,https:,4.0,4.0,other
Acer | Chromebook Spin 11 R751T | 32GB Storage | 4GB RAM | Intel HD Graphics 500 | Intel Celeron N3350 | 11.6‚Ä≥ Display | Dual Camera | Touchscreen | Playstore Supported | ChromeBook,No Brand,14499.0,5.0,3.0,https:,4.0,32.0,other
"Dell Core i7-4th Generation | 8GB Ram , 128GB SSD | One Month Warranty | 2Hours+ Battery Backup | FREE WIRELESS MOUSE | FREE LAPTOP CLEANER | Like New Laptop",No Brand,41000.0,5.0,2.0,https:,8.0,8.0,i7
Daraz Like New 3189 Chromebook 360 Touch Display  4GB RAM 32GB GB STORAGE Battery Backup 5 Hours Plus Display Size 11.6 Inches,No Brand,15499.0,5.0,2.0,https:,4.0,4.0,other
HP Chromebook 14 G5 - 14 - inch HD  Widescreen Laptop Computer - Intel Celeron N3350 up to 2.4GHz - 4GB DDR4 Memory - 32GB eMMC Flash Memory - 802.11ac - Bluetooth - USB-C 3.1 - Chrome OS - Play Store - Refurbished,Daraz Like New,15839.01,4.636363636363637,11.0,https:,0.0,4.0,other
HP Stream 11 Pro G2 Windows 8.1 or 10 Pro Notebook PC √¢‚Ç¨‚ÄúDual-Core Processor - 2GB DDR3L Ram - 32GB Solid State Drive √¢‚Ç¨‚Äú Intel HD Graphics √¢‚Ç¨‚Äú 11.6√Ç¬® HD LED Display,Daraz Like New,12999.0,4.409090909090909,22.0,https:,0.0,2.0,other
HP EliteBook 2560P - Core i5 2nd Generation - 4GB RAM - 250GB HDD,No Brand,25999.0,0.0,0.0,https:,4.0,4.0,i5
Dell Latitude E7240 - Core i5 4th Generation - 8GB RAM 128GB SSD,No Brand,37999.0,0.0,0.0,https:,8.0,8.0,i5
DELL | Laptop | 4GB RAM | 320GB HDD | Free charger | HDMI | USB.,No Brand,14999.0,0.0,0.0,https:,4.0,4.0,other
HP | Laptop | 4GB RAM | 320GB HDD | FREE CHARGER | 100% ORIGINAL | HDMI | USB,No Brand,14999.0,0.0,0.0,https:,4.0,4.0,other
Wooden Gaming Laptop Table For Bed Foldable Stand Ergonomic Portable Drawing Notebook Reading Food Breakfast Serving With Inbuild Engraved Tablet And Cup Holder Slots Couch For HP Apple Mackook M1 Dell Lenovo MSI Asus,Daraz Like New,1599.0,4.537037037037037,108.0,https:,0.0,0.0,other
Samsung Chromebook 4 | Lightweight Silver Laptop | 4GB RAM | 32GB Storage | Google Chrome OS | Secure Updates Till 2029,No Brand,17325.0,4.0,1.0,https:,4.0,4.0,other
Dell Chromebook 3120 | 16GB Storage | 2GB RAM | Dual-core 1.6GHz | 6th Generation | 11.6‚Ä≥ Screen | Playstore Supported |  Daraz Like New Laptops,Dell,11999.0,4.830769230769231,65.0,https:,2.0,16.0,other
HP Chromebook 11 G5 | 16GB Storage | 4GB RAM | 11.6‚Ä≥ Display | Factory Playstore | Black - Daraz Like New Laptops,HP,11500.0,5.0,2.0,https:,4.0,16.0,other
USED - Lenovo N22/N23 Chromebook ‚Äì 11.6‚Ä≥ ‚Äì 4 GB RAM ‚Äì 16 GB ROM ‚Äì With Play Store - PUBG Supported - USED,Daraz Like New,7899.0,0.0,0.0,https:,4.0,4.0,other
Daraz Like New Laptops - Lenovo Chromebook 100E Intel Celeron 4GB RAM 16GB Chrome OS (FREE LAPTOP BAG),Daraz Like New,9899.01,0.0,0.0,https:,4.0,4.0,other
"Hp Chromebook G8 (  TOUCH SCREEN )  - 4GB Ram DDR4 - 32GB SSD  - 11.6"" Screen Size - Chrome OS -",HP,11999.0,4.6,35.0,https:,4.0,4.0,other
HP | Chromebook 14 G6 | 4GB RAM | | 32GB Storage | 14‚Ä≥ Display | Playstore Supported | 1.10 GHz Intel Celeron N3350 | ChromeBook - FREE LAPTOP BAG,HP,12599.1,5.0,3.0,https:,4.0,4.0,other
"Dell 3180 Chromebook 11.6 inches HD screen, 4GB Ram 16GB SSD, HDMI, WiFi, Webcam, Chrome OS / Windows 10 - used laptops",Daraz Like New,7919.01,0.0,0.0,https:,4.0,4.0,other
"USED LAPTOP - Dell 3180 Chromebook 11.6 inches HD screen, 4GB Ram 16GB SSD, HDMI, WiFi, Webcam, Chrome OS - DARAZ LIKE NEW LAPTOPS",Daraz Like New,8405.1,0.0,0.0,https:,4.0,4.0,other
"HP Chromebook 11  G7 EE, 11.6"" HD, Intel Celeron N4000, 4GB DDR4 Ram, 16GB eMMC, Chrome OS ,Storm Grey, Play Store Supported",HP,9899.1,4.833333333333333,6.0,https:,0.0,4.0,other
ACER ORIGINAL CHROMEBOOK | USA IMPORTED | 10/10 CONDITION | 4GB RAM | 16GB SSD Expendable | 4 TO 6 HOURS BATTERY TIMING | WINDOWS 10 PROFESSIONAL | 11.6 INCHES HD DISPLAY | WITH CHARGER | BAG FREE GIFT,No Brand,16000.0,5.0,4.0,https:,4.0,4.0,other
"Daraz Like New Laptops - Acer Chromebook R11 360 Touchscreen 11.6"" Quad N3150 4GB 16GB SSD Touch Screen (FREE LAPTOP BAG)",Lenovo,11999.0,0.0,0.0,https:,0.0,4.0,other
HP Chromebook 4GB RAM 32GB ROM Playstore Supported Chromebook,No Brand,9899.01,4.8,5.0,https:,4.0,4.0,other
Acer ChromeBook R11 - Touch Screen Laptop - 16GB/32GB Storage - 4GB RAM - 360 Rotatable - 11.6‚Ä≥ HD Display - Playstore Supported - Long Battery Life,Acer,13999.0,3.0,2.0,https:,4.0,16.0,other
Lenovo ThinkPad X260 ROM/512GB Colour/Black With Free Charger And Extra Charger Lead Imported Laptop GTA Minecraft Tekken 3 WWE 2K25 All Games Working.,No Brand,44000.0,0.0,0.0,https:,0.0,512.0,other
Lenovo N22 Chromebook ‚Äì 11.6‚Ä≥ ‚Äì 4 GB RAM ‚Äì 16 GB ROM ‚Äì With Play Store  - PUBG Supported,No Brand,9600.0,4.722222222222222,18.0,https:,4.0,4.0,other
Lenovo N22 Chromebook ‚Äì 11.6‚Ä≥ ‚Äì 4 GB RAM ‚Äì 16 GB ROM ‚Äì With Play Store - PUBG Supported - FREE LAPTOP BAG,Lenovo,8999.0,5.0,2.0,https:,4.0,4.0,other
"MSI Thin 15 B13UCX , 16R8 Raptor Lake Core i5-13420H 15.6"" FHD with 8 GB RAM & 512GB NVMe PCIe SSD Gen4x4 w/o DRAM",No Brand,299499.0,0.0,0.0,https:,8.0,8.0,i5
Daraz Like New laptop - Acer | C740 | 128GB Storage | 4GB RAM | Windows 10 / 11.6‚Ä≥ Display | Play Store Supported | Android Apps Supported | Chromebook - FREE LAPTOP BAG,Daraz Like New,14999.0,0.0,0.0,https:,4.0,128.0,other
badgeDaraz Like New Laptops - HP Chromebook 11 G4 | 16GB Storage | 4GB RAM | 11.6‚Ä≥ Display | Playstore Supported | Dual Core | Chrome Book,HP,9999.0,5.0,6.0,https:,4.0,16.0,other
"Dell 3180 Chromebook 11.6 inches HD screen, 4GB Ram 16GB SSD, HDMI, WiFi, Webcam, Chrome OS",Daraz Like New,9999.0,0.0,0.0,https:,4.0,4.0,other
Acer C740 | 2GB RAM 128GB Storage Windows 10 | 11.6‚Ä≥ Display | Play Store Supported | Android Apps Supported - Daraz Like New Laptops,Acer,12869.01,4.6,25.0,https:,2.0,2.0,other
Lenovo Thinkpad ‚Äì X230 ‚Äì Core i5 3rd Gen ‚Äì 4GB RAM ‚Äì 250GB ‚Äì 12.5‚Ä≥ FREE LAPTOP BAG - Daraz like new laptops,Lenovo,22274.01,4.286821705426356,129.0,https:,4.0,4.0,i5
Daraz Like New Laptops - Hp Elitebook 820 G3 - Core i5 6th Generation - 8GB DDR4 RAM - 256GB SSD - 12.5inch Screen - FREE LAPTOP BAG (WINDOWS 11 LICENSED),No Brand,41999.0,5.0,2.0,https:,0.0,8.0,i5
"HP Chromebook 14"" HD Widescreen Laptop Computer - Intel Celeron N3350 up to 2.4GHz - 4GB DDR4 Memory - 16GB eMMC Flash Memory - 802.11ac - Bluetooth - USB-C 3.1 - Chrome OS - Play Store",HP,13999.0,4.428571428571429,14.0,https:,0.0,4.0,other
Daraz Like New Laptops - Dell Chromebook 11 3180 - 4GB RAM - 16GB SSD,Dell,7999.0,5.0,1.0,https:,4.0,4.0,other
"Daraz Like New Laptops - Hp Chromebook G8 - 4GB Ram DDR4 - 32GB SSD - 11.6"" Screen Size - Chrome OS - (FREE LAPTOP BAG)",Daraz Like New,10999.0,0.0,0.0,https:,4.0,4.0,other
HP Chromebook 11 G4/G5 | Wwindows 10 - 16GB Storage | 4GB RAM | 11.6‚Ä≥ Display |  | Black - Daraz Like New Laptops,HP,8999.0,3.6666666666666665,3.0,https:,4.0,16.0,other
Lenovo N22/N23 Chromebook ‚Äì 11.6‚Ä≥ ‚Äì 4 GB RAM ‚Äì 16 GB ROM ‚Äì With Play Store - PUBG Supported,Lenovo,8810.01,4.580419580419581,286.0,https:,4.0,4.0,other
"Dell 3189 Convertible Chromebook 11.6 inches HD IPS Touchscreen, Intel Celeron N3060 Up to 2.48GHz, 4GB Ram 16GB SSD, HDMI, WiFi, Webcam, Chrome OS - FREE LAPTOP BAG - Daraz like new laptops",Daraz Like New,13499.0,5.0,1.0,https:,4.0,4.0,other
"Lenovo N23 Yoga Chromebook Laptop| MTK Processor | 4GB | 32GB SSD | 11.6"" x360 touchscreen",No Brand,14849.01,5.0,6.0,https:,0.0,4.0,other
Lenovo ThinkPad T450 - 14 Inch - Intel i5-5300U 2.30GHz - 8 GB RAM - 500GB HDD - Windows 10 (Registered Windows) FREE LAPTOP BAG - Daraz like new laptops,Lenovo,33659.01,5.0,7.0,https:,8.0,8.0,i5
Daraz Like New Laptops - HP Chromebook 11 G4 | 16GB Storage | 4GB RAM | 11.6‚Ä≥ Display | Playstore Supported | Dual Core | Chrome Book,HP,9999.0,3.746835443037975,79.0,https:,4.0,16.0,other
HP Chromebook 14 G5 - 14 - inch HD  Widescreen Laptop Computer - Intel Celeron N3350 up to 2.4GHz - 4GB DDR4 Memory - 64GB eMMC Flash Memory - 802.11ac - Bluetooth - USB-C 3.1 - Chrome OS - Play Store - Refurbished,HP,16000.0,0.0,0.0,https:,0.0,4.0,other
Acer Chromebook Spin 11 R751T -4GB/32GB- Touchscreen - 360 Rotatable - Playstore Supported - PubG Supported - Longer Battery Life,No Brand,14950.0,0.0,0.0,https:,0.0,4.0,other
